status_id,status_message,link_name,status_type,status_link,status_published,num_reactions,num_comments,num_shares,num_likes,num_loves,num_wows,num_hahas,num_sads,num_angrys
91290503700_10156362236968701,Happy Birthday to the wonderful Sir Michael Caine!,,photo,https://www.facebook.com/inception/photos/a.416522083700.189514.91290503700/10156362236738701/?type=3,2018-03-14 16:58:14,4416,79,87,4065,332,14,5,0,0
91290503700_10156315073433701,"""When we're asleep, we can do almost anything"" 
Flashback Friday to the 2011 Oscars when Inception won 4 Oscars! #Oscars90",,photo,https://www.facebook.com/inception/photos/a.416522083700.189514.91290503700/10156315073258701/?type=3,2018-03-02 13:00:00,7113,235,221,6232,812,28,40,1,0
91290503700_10156205574278701,Congratulations to Christopher Nolan and the rest of the #Dunkirk team.,Dunkirk,photo,https://www.facebook.com/Dunkirkmovie/photos/a.1174612609300636.1073741828.955813611180538/1545444145550812/?type=3,2018-01-23 17:11:56,2248,132,27,2012,200,25,11,0,0
91290503700_10156102374138701,Christopher Nolan's films are now available in 4K Ultra HD! #Nolan4K,,photo,https://www.facebook.com/inception/photos/a.416522083700.189514.91290503700/10156102373833701/?type=3,2017-12-22 12:00:00,2888,89,34,2556,288,43,1,0,0
91290503700_10156105044843701,"Your Nolan favorites have arrived in 4K Ultra HD! Own #Inception, #DarkKnightTrilogy, #Interstellar, and #ThePrestige Now! #Nolan4K www.nolan4kcollection.com",Nolan 4K Collection,video,https://www.facebook.com/inception/videos/10156105044843701/,2017-12-19 12:18:11,1223,56,53,1023,167,32,1,0,0
91290503700_10156102349848701,Your reality is about to turn upside down. #Inception hits 4K Ultra HD tomorrow! #Nolan4K,,photo,https://www.facebook.com/inception/photos/a.416522083700.189514.91290503700/10156102349503701/?type=3,2017-12-18 14:57:46,4513,110,82,3967,422,117,7,0,0
91290503700_10156090174713701,Witness one of the greatest heists in lifelike color. Own #Inception in 4K Ultra HD on Tuesday! #Nolan4K,,photo,https://www.facebook.com/inception/photos/a.416522083700.189514.91290503700/10156090171078701/?type=3,2017-12-14 12:36:19,2876,91,51,2575,250,49,2,0,0
91290503700_10156084662418701,Immerse yourself in the world of the dream - 4x sharper than Full HD - with #Inception in 4K Ultra HD in 1 Week! #Nolan4K,Nolan 4K,video,https://www.facebook.com/inception/videos/10156084662418701/,2017-12-12 12:21:50,1005,41,43,859,111,34,1,0,0
91290503700_10156069508748701,"""Dreams feel real while we are in them, it's only when we wake up that we realize something was strange."" #Inception",,photo,https://www.facebook.com/inception/photos/a.416522083700.189514.91290503700/10156069508633701/?type=3,2017-12-07 12:29:19,13210,312,932,11861,1223,106,12,8,0
91290503700_10156069507823701,,Inception's cover photo,photo,https://www.facebook.com/inception/photos/a.10150651242478701.414750.91290503700/10156069507578701/?type=3,2017-12-07 12:28:53,1553,39,27,1351,159,41,2,0,0
91290503700_10156063356168701,"Whether it's a dream or reality, catch every detail of #Inception in 4K Ultra HD on 12/19! #Nolan4K",,photo,https://www.facebook.com/inception/photos/a.416522083700.189514.91290503700/10156063355618701/?type=3,2017-12-05 12:37:47,3024,101,74,2615,326,78,4,0,1
91290503700_10156011869638701,"Your Nolan favorites are coming to 4K Ultra HD! Own #Inception, #DarkKnightTrilogy, #Interstellar, #ThePrestige, and #Dunkirk on 12/19! #Nolan4K",,video,https://www.facebook.com/inception/videos/10156011869638701/,2017-11-18 10:23:18,1887,283,138,1482,297,104,3,1,0
91290503700_10155153306878701,Happy birthday Ellen Page!,Timeline Photos,photo,https://www.facebook.com/inception/photos/a.416522083700.189514.91290503700/10155153306878701/?type=3,2017-02-21 13:30:38,10766,183,155,9775,946,35,6,1,2
91290503700_10155140315188701,Happy birthday Joseph Gordon-Levitt!,Timeline Photos,photo,https://www.facebook.com/inception/photos/a.416522083700.189514.91290503700/10155140315188701/?type=3,2017-02-17 12:49:14,16742,189,232,15725,920,17,79,1,0
91290503700_10154801180913701,Happy birthday to legendary Leonardo DiCaprio!,Timeline Photos,photo,https://www.facebook.com/inception/photos/a.416522083700.189514.91290503700/10154801180913701/?type=3,2016-11-11 12:00:00,71490,780,1852,66426,4797,219,41,3,4
91290503700_10154381287368701,True inspiration is impossible to fake. Go deep into Inception this week on iTunes. bit.ly/_OwnInception,Timeline Photos,photo,https://www.facebook.com/inception/photos/a.416522083700.189514.91290503700/10154381287368701/?type=3,2016-06-28 20:00:00,1585,98,95,1446,121,17,1,0,0
91290503700_10153689737333701,Join us in wishing Tom Hardy a Happy Birthday!,Inception,photo,https://www.facebook.com/inception/photos/a.416522083700.189514.91290503700/10153245712708701/?type=3,2015-09-15 20:11:33,8953,313,2,8953,0,0,0,0,0
91290503700_10153622923458701,"""The dreamer can always remember the genesis of the idea. True inspiration is impossible to fake.""",Timeline Photos,photo,https://www.facebook.com/inception/photos/a.416522083700.189514.91290503700/10153622923458701/?type=3,2015-08-20 16:58:54,20040,337,1148,20040,0,0,0,0,0
91290503700_10153245713298701,"You mustn't be afraid to dream a little bigger, darling.",Timeline Photos,photo,https://www.facebook.com/inception/photos/a.416522083700.189514.91290503700/10153245712708701/?type=3,2015-03-25 12:45:15,65359,1102,1833,65359,0,0,0,0,0
91290503700_10152106832108701,,Timeline Photos,photo,https://www.facebook.com/inception/photos/a.416522083700.189514.91290503700/10152106832043701/?type=3,2013-12-20 08:40:04,22803,559,234,22803,0,0,0,0,0
91290503700_10152099516133701,,Wall Photos,photo,https://www.facebook.com/inception/photos/a.10152099515973701.1073741825.91290503700/10152099516073701/?type=3,2013-12-16 17:38:08,15720,325,972,15720,0,0,0,0,0
91290503700_10152089354753701,"""If you can steal an idea, why can't you plant one there instead?""",,status,,2013-12-12 14:31:20,21101,451,1116,21101,0,0,0,0,0
91290503700_10152058518503701,,Timeline Photos,photo,https://www.facebook.com/inception/photos/a.416522083700.189514.91290503700/10152058518408701/?type=3,2013-11-29 16:38:10,1291,25,43,1291,0,0,0,0,0
91290503700_10152053548563701,,Timeline Photos,photo,https://www.facebook.com/inception/photos/a.416522083700.189514.91290503700/10152053548503701/?type=3,2013-11-27 14:52:24,44384,779,1349,44384,0,0,0,0,0
91290503700_10152015217823701,"From producer Christopher Nolan, Man of Steel arrives today: http://bit.ly/OrderManofSteel",Timeline Photos,photo,https://www.facebook.com/inception/photos/a.416522083700.189514.91290503700/10152015217598701/?type=3,2013-11-12 17:45:14,3252,89,62,3252,0,0,0,0,0
91290503700_10151764722793701,,The Dark Knight Trilogy,photo,https://www.facebook.com/darkknighttrilogy/photos/a.228878522787.165085.12887942787/10152323582672788/?type=3,2013-07-30 13:59:04,3678,182,117,3678,0,0,0,0,0
91290503700_10151456851748701,Happy Birthday to Ellen Page!,Timeline Photos,photo,https://www.facebook.com/inception/photos/a.416522083700.189514.91290503700/10151456851708701/?type=3,2013-02-21 13:54:48,37930,991,785,37930,0,0,0,0,0
91290503700_10151449852183701,Happy Birthday to Joseph Gordon-Levitt!,Timeline Photos,photo,https://www.facebook.com/inception/photos/a.416522083700.189514.91290503700/10151449852163701/?type=3,2013-02-17 14:44:02,56781,896,1184,56781,0,0,0,0,0
91290503700_156323044516583,,Inception #4 Movie CLIP - Dream a Little Bigger (2010) HD,video,https://www.youtube.com/watch?v=yycyKndEWcA,2013-01-18 13:50:22,2537,200,263,2537,0,0,0,0,0
91290503700_10151288649073701,"Christopher Nolan's epic conclusion to The Dark Knight Legend is here. The Dark Knight Rises is now available. 

Get yours on Blu-ray™ with UltraViolet here: http://bit.ly/TDKRDEC4",Timeline Photos,photo,https://www.facebook.com/inception/photos/a.416522083700.189514.91290503700/10151288648913701/?type=3,2012-12-04 11:51:28,8247,311,471,8247,0,0,0,0,0
91290503700_10150691884483701,"""If we are going to perform Inception then we need imagination."" 

Enter for a chance to win a trip to Warner Bros Studions and see Inception costumes and props up close…or are they? Check them out here: --> http://on.fb.me/WBSTOUR",Timeline Photos,photo,https://www.facebook.com/inception/photos/a.416522083700.189514.91290503700/10150691884398701/?type=3,2012-03-21 15:12:21,7123,648,345,7123,0,0,0,0,0
91290503700_10150651242593701,,Inception's cover photo,photo,https://www.facebook.com/inception/photos/a.10150651242478701.414750.91290503700/10150651242488701/?type=3,2012-03-02 12:36:19,9368,785,1776,9368,0,0,0,0,0
91290503700_10150576469653701,"""You mustn't be afraid to dream a little bigger, darling."" - Eames",,status,,2012-01-31 15:43:08,20323,894,1004,20323,0,0,0,0,0
91290503700_152784351452780,Return to the dream! Watch Inception right here on Facebook.  It's easy and you can pay with Facebook credits.  Check it out. Inception,Watch Inception from Warner Bros.,link,https://apps.facebook.com/milyoni_inception,2011-03-29 14:15:17,573,152,4,573,0,0,0,0,0
91290503700_10150113742288701,"...and again, CONGRATS to Paul Franklin, Chris Corbould, Andrew Lockley and Peter Bebb for Best Visual Effects for Inception at the 83rd Annual Academy Awards!!!",,status,,2011-02-27 22:38:59,15334,1333,2,15334,0,0,0,0,0
91290503700_10150113731303701,"CONGRATS to Richard King for winning Best Sound Editing and CONGRATS to Lora Hirschberg, Gary A. Rizzo, and Ed Novick for taking home the Oscar for Best Sound Mixing for Inception!!!",,status,,2011-02-27 22:22:37,11782,618,5,11782,0,0,0,0,0
91290503700_10150113695728701,CONGRATS to Wally Pfister for winning the award for Best Cinematography for Inception at the 83rd Annual Academy Awards!,,status,,2011-02-27 21:19:21,15731,900,0,15731,0,0,0,0,0
91290503700_154335714622073,"won 3 BAFTA Awards for best PRODUCTION DESIGN, SOUND and SPECIAL VISUAL EFFECTS! http://bit.ly/f9ZApT Cinematographer, Wally Pfister  also won the ASC award for INCEPTION! http://bit.ly/dVJZjt Congrats for the wins! ",2011 Film Awards Winners and Nominees - Film - Awards -  The BAFTA site,link,http://bit.ly/f9ZApT,2011-02-14 17:20:18,6351,570,9,6351,0,0,0,0,0
91290503700_1700348821567,"""8 Academy Award® Nominations""

BEST PICTURE
Produced by
EMMA THOMAS
CHRISTOPHER NOLAN

BEST ORIGINAL SCREENPLAY
CHRISTOPHER NOLAN

BEST CINEMATOGRAPHY
WALLY PFISTER

BEST ORIGINAL SCORE
HANS ZIMMER

BEST ART DIRECTION
Production Designer
GUY HENDRIX DYAS

Set Decorators
LARRY DIAS
DOUG MOWAT

BEST VISUAL EFFECTS
PAUL FRANKLIN
CHRIS CORBOULD
ANDREW LOCKLEY
PETER BEBB

BEST SOUND EDITING
Supervising Sound Editor
RICHARD KING

BEST SOUND MIXING
Production Sound Mixer
ED NOVICK

Re-Recording Mixers
LORA HIRSCHBERG
GARY A. RIZZO","""8 Academy Award® Nominations""",video,https://www.facebook.com/inception/videos/1700348821567/,2011-01-27 20:01:51,14685,1775,556,14685,0,0,0,0,0
91290503700_106032619471517,"Congratulations to the Inception deviantART Winners! The winners were chosen by writer and director, Christopher Nolan, with the help of his wife and co-producer, Emma Thomas! Click below to see the final three Comic Covers! ",News: Inception Comic Cover Art Contest Winners,link,http://news.deviantart.com/article/141362/,2011-01-25 16:33:37,3524,273,3,3524,0,0,0,0,0
91290503700_148927661827731,"Congrats to Inception on receiving 8 Oscar nominations! Nods include: Best Picture, Original Screenplay, Art Direction, Cinematography, Original Score, Visual Effects, Sound Editing & Sound Mixing! ",Oscar Nominations,link,http://oscar.go.com/nominations/category/best-picture/synopsis/inception/681828,2011-01-25 12:59:35,15300,1650,8,15300,0,0,0,0,0
91290503700_102829506460161,Don't forget to unlock the Full Moon Dream tomorrow night with Inception the app. It is your only chance this month! Get it here: http://www.inceptiontheapp.com,Inception The App | Experience your life as a dream,link,http://inceptiontheapp.com/,2011-01-18 18:53:45,2516,315,19,2516,0,0,0,0,0
91290503700_191793890830989,Wally Pfister receives a nomination by the American Society of Cinematographers. Congrats to Wally! What was your favorite Cinematical Scene?,American Society of Cinematographers Announces Nominations - The Hollywood Reporter,link,http://www.hollywoodreporter.com/news/american-society-cinematographers-announces-nominations-70045,2011-01-12 15:31:39,1892,503,9,1892,0,0,0,0,0
91290503700_155471617835159,Inception has received four nominations from the Visual Effects Society! What do you think? Which visual effects did you like the most?,,status,,2011-01-10 17:40:34,6888,1746,5,6888,0,0,0,0,0
91290503700_191936817485508,Congrats to Christopher Nolan and his directorial team for their DGA Award nomination for Outstanding Directorial Achievement in Feature Film for 2010.,Directors Guild of America,link,http://www.dga.org/index2.php3?chg,2011-01-10 13:32:00,4624,563,1,4624,0,0,0,0,0
91290503700_188415387837827,"Christopher Nolan talks themes, concepts and more with Deadline.com ",Chris Nolan Q&A About 'Inception',link,http://www.deadline.com/2011/01/oscar-christopher-nolan-qa-inceptions-writer-director-is-a-hollwood-original/,2011-01-07 16:20:44,3298,498,22,3298,0,0,0,0,0
91290503700_158615697520173,"Congrats to Christopher Nolan and Emma Thomas on their Producers Guild Award nomination for Inception! 

",PRODUCERS GUILD OF AMERICA ANNOUNCES THEATRICAL MOTION PICTURE AND TELEVISION NOMINATIONS FOR 2011 -,link,http://www.producersguild.org/news/news.asp?id=55819,2011-01-05 21:27:47,5013,618,2,5013,0,0,0,0,0
91290503700_150149221703204,"The Inception App's first updated is live now! Don't miss your chance to unlock the Full Moon Dream today December 21. You can ONLY unlock the Full Moon dream during a Full Moon night – after sunset and before sunrise. Your last chance is tonight ;-) Don't miss it! http://bit.ly/f4XHpb For more info on the Full Moon Dream release, check out the video below.  
 ",Inception The App - Full Moon Release - Available Now in the App Store,link,https://www.youtube.com/watch?v=lMJWSPeOSzY+,2010-12-21 15:03:59,1961,273,4,1961,0,0,0,0,0
91290503700_182539095105879,made IMDB's Top 25 User-Rated Movies of 2010 at #1! Thank you to all our fans worldwide!,IMDb | Year In Review | 2010 | Top 25 Movies,link,http://www.imdb.com/features/yearinreview/2010/top25movies,2010-12-20 18:11:20,7795,618,9,7795,0,0,0,0,0
91290503700_170639272975708,Have you grabbed your copy of Inception yet? It makes the ultimate holiday gift!,,status,,2010-12-16 21:28:32,5439,924,3,5439,0,0,0,0,0
91290503700_166987366671471,"The best films of 2010! Inception made The Onion's list at #4, do you agree? ",The best films of 2010,link,"http://www.avclub.com/articles/the-best-films-of-2010,49101/",2010-12-16 14:58:35,7283,1564,5,7283,0,0,0,0,0
91290503700_177102878986065,"has been nominated for 4 for Golden Globes: Best Picture: Drama, Best Director: Christopher Nolan, Best Screenplay: Drama and Best Original Score. Congratulations!",,status,,2010-12-14 17:25:05,14820,1317,0,14820,0,0,0,0,0
91290503700_484324843700,"The character of Eames is named after Charles and Ray Eames, a married couple well known in the fields of furniture design, buildings architecture and avant-garde/documentary filmmaking.",Timeline Photos,photo,https://www.facebook.com/inception/photos/a.416522083700.189514.91290503700/484324818700/?type=3,2010-12-14 16:27:03,4799,564,31,4799,0,0,0,0,0
91290503700_184011841615885,"Did you know ""Inception"" was the number one trending movie on Twitter in 2010! It also made the list at number three in overall  Tending Topics!",Top Twitter Trends of 2010,link,http://mashable.com/2010/12/13/top-twitter-trends-2010/,2010-12-13 17:24:56,3678,329,0,3678,0,0,0,0,0
91290503700_176681142362036,Buy Inception on iTunes Today!,iTunes Store - Christopher Nolan - Inception,link,http://itunes.apple.com/WebObjects/MZStore.woa/wa/viewMovie?id=400763833&s=143441+,2010-12-10 18:48:16,3218,319,7,3218,0,0,0,0,0
91290503700_109850522421391,"Experience your life as a Dream! The iPhone app that changes your perception of reality. A free app as a gift for all Inception fans from Christopher Nolan, Hans Zimmer and RjDj. Click here for more info: http://bit.ly/InceptionApp or check out ""The App"" tab above.
",Hans Zimmer about Inception The App,video,https://www.youtube.com/watch?v=jQVVpOExyEg,2010-12-09 19:17:33,2190,235,2,2190,0,0,0,0,0
91290503700_174732915884045,"Enter the Inception Comic Cover Contest for a chance to have your artwork used as the cover for the digital comic ""Inception - The Big Under"" ",Inception Comic Cover Art Contest,link,http://news.deviantart.com/article/137706/,2010-12-09 15:14:18,1308,90,0,1308,0,0,0,0,0
91290503700_113490888721287,"A real-time look at Inception? Yes, please. Thank you to user ""weikang"" on YouTube for this amazing fan made video! Don't forget to pick up your Inception Blu-ray today!  
",Inception in Real-Time,video,https://www.youtube.com/watch?v=MHBlYJ-tKcs,2010-12-08 14:55:58,3648,287,8,3648,0,0,0,0,0
91290503700_123801264350168,"is now available, which means you can finally UNLOCK THE DREAM. Take a photo of the Totem SnapTag with your mobile phone and send it to 95871 for the Final Kick Reward!",,status,,2010-12-07 19:06:50,2574,270,0,2574,0,0,0,0,0
91290503700_160604560649954,is out NOW on Blu-ray Combo Pack!,,status,,2010-12-07 11:25:12,6388,594,3,6388,0,0,0,0,0
91290503700_146991638684793,Kenny Mayne attempts to make a sequel to the movie 'Inception' starring three Green Bay Packers.,Mayne Event: Interception,link,http://espn.go.com/video/clip?id=5883505,2010-12-06 23:42:18,1567,216,1,1567,0,0,0,0,0
91290503700_147097362009473,Did you know the Inception Blu-ray has a Totem SnapTag on the box that will unlock the instructions needed to access the special content on the Blu-ray disc? Get it tomorrow!,,status,,2010-12-06 21:50:15,1874,229,0,1874,0,0,0,0,0
91290503700_154960817883800,"Inception Minute Maze! Can you make it out? Click below to play… Remember, Inception is out on Blu-ray Combo Pack tomorrow! ",Inception - Adriadne's Minute Mazes,link,http://Www.inceptionminutemazes.com/,2010-12-06 17:50:14,2449,173,7,2449,0,0,0,0,0
91290503700_134457606611884,"""She locked away a secret, deep inside herself, something she once knew to be true... but chose to forget."" - Cobb",,status,,2010-12-04 20:38:03,14007,688,42,14007,0,0,0,0,0
91290503700_174082259288301,Check out our ad in this week's Entertainment Weekly to find a Totem SnapTag! Take a photo with your phone and send it to 95871 for your Level 5 reward.,,status,,2010-12-03 23:32:15,1463,122,0,1463,0,0,0,0,0
91290503700_159554800755499,Assemble your own DREAM TEAM! Take the quiz to see where you stand!,Inception :: Assemble The Team,link,http://Www.inceptionteam.com/,2010-12-03 21:58:12,2314,243,3,2314,0,0,0,0,0
91290503700_170923509608180,,Christopher Nolan (Somewhat) Explains INCEPTION,link,http://www.collider.com/2010/11/24/inception-christopher-nolan-explains/,2010-12-02 22:14:31,3035,294,12,3035,0,0,0,0,0
91290503700_181655851850402,"This weeks reward will really mess with your subconscious… what are you waiting for? Dream Level 5 is live now, take a photo of the Totem SnapTag with your mobile phone and send it in for your reward! It's almost time for the Final Kick!",Inception: Unlock The Dream,link,http://inceptionmovie.warnerbros.com/unlockthedream/,2010-12-02 16:13:17,1573,119,0,1573,0,0,0,0,0
91290503700_478014158700,Caption This!,Timeline Photos,photo,https://www.facebook.com/inception/photos/a.416522083700.189514.91290503700/478014118700/?type=3,2010-12-02 14:04:53,10488,4010,377,10488,0,0,0,0,0
91290503700_143606322356547,"Dream Level 4 is happening now! Using your phone, take a photo of the Snaptag then send it to 95871 or e-mail it to inception@snaptag.mobi for your level 4reward!",,status,,2010-11-29 19:34:06,1562,205,2,1562,0,0,0,0,0
91290503700_156586967719566,"Dream level 3 is live today!! Using your phone, take a photo of the Snaptag then send it to 95871 or e-mail it to inception@snaptag.mobi for your level 3 reward! Check back next week for the next dream level... all leading up to the Final Kick!",,status,,2010-11-24 15:01:23,1961,235,1,1961,0,0,0,0,0
91290503700_157694257607665,It's your last chance for Dream Level 2! Snap a Tag tonight to get your exclusive reward. Keep snapping through each level for even more exclusive rewards! Check out the DREAM tab above for more info!,,status,,2010-11-23 00:48:54,1863,230,0,1863,0,0,0,0,0
91290503700_468588983700,Look at the photo and tell us what's the first word that comes to mind?,Timeline Photos,photo,https://www.facebook.com/inception/photos/a.416522083700.189514.91290503700/468588958700/?type=3,2010-11-15 16:58:20,3815,11325,108,3815,0,0,0,0,0
91290503700_144038125643891,In just 3 days… Unlock the Dream! Check out the DREAM tab above for complete details. You're one step closer to the never-before-seen video featuring Director Christopher Nolan – that's available only when you Snap!,Inception: Unlock the Dream,video,https://www.youtube.com/watch?v=WIUz_ShrirI,2010-11-12 18:50:35,3205,248,1,3205,0,0,0,0,0
91290503700_464588648700,"Did you know… phonetically, ""Cobb"" means ""dream"" in Sanskrit, Hindi, Urdu, and Punjabi.",Timeline Photos,photo,https://www.facebook.com/inception/photos/a.416522083700.189514.91290503700/464588633700/?type=3,2010-11-09 10:31:15,10839,1051,154,10839,0,0,0,0,0
91290503700_464203728700,"""Dreams feel real while we're in them. It's only when we wake up that we realize something was actually strange."" - Cobb",Timeline Photos,photo,https://www.facebook.com/inception/photos/a.416522083700.189514.91290503700/464203698700/?type=3,2010-11-08 14:53:01,16032,870,375,16032,0,0,0,0,0
91290503700_169881869705130,Did you know… the film has around 500 visual effect shots.,,status,,2010-11-04 20:47:01,7087,840,1,7087,0,0,0,0,0
91290503700_461985833700,Did you know… Joseph Gordon-Levitt performed all his own stunts during the fight scene in the spinning hallway.,Timeline Photos,photo,https://www.facebook.com/inception/photos/a.416522083700.189514.91290503700/461985818700/?type=3,2010-11-03 20:14:58,13869,1482,229,13869,0,0,0,0,0
91290503700_103398513062450,"Just like Christopher Nolan's previous movie Batman: The Dark Knight (2008), no second unit team was hired for making the movie. All the shots were filmed by Nolan himself with his usual DP Wally Pfister.",,status,,2010-11-01 20:34:55,4069,366,0,4069,0,0,0,0,0
91290503700_457932733700,"""You're waiting for a train, a train that will take you far away. You know where you hope this train will take you, but you can't be sure. But it doesn't matter - because we'll be together.""  - Mal",Timeline Photos,photo,https://www.facebook.com/inception/photos/a.416522083700.189514.91290503700/457932723700/?type=3,2010-10-26 14:51:06,19344,1106,337,19344,0,0,0,0,0
91290503700_155648417807557,"Did you know… prints of the movie were shipped to theaters under the name ""Hour Glass"".",,status,,2010-10-20 14:32:55,3475,575,0,3475,0,0,0,0,0
91290503700_112551195475163,"""Never recreate places from your memory. Always imagine new places!"" - Cobb",,status,,2010-10-19 18:42:30,12832,604,21,12832,0,0,0,0,0
91290503700_169736833042614,"Snap a Tag, Unlock the Dream. Try it today!",Inception: Unlock the Dream,link,https://www.youtube.com/watch?v=WIUz_ShrirI,2010-10-19 15:57:50,1305,145,1,1305,0,0,0,0,0
91290503700_149546765088099,"Did you know.. During production, details of the film's plot were kept secret. Christopher Nolan, who wrote the script, cryptically described it as a contemporary sci-fi action thriller ""set within the architecture of the mind.""",,status,,2010-10-19 14:22:22,4572,545,0,4572,0,0,0,0,0
91290503700_452422533700,"Snap a Tag and Unlock the DREAM. Check out the DREAM tab above for complete details. This is your chance to go deeper and deeper into the DREAM and unlock  new Inception content each week, including never-before-seen videos. Start Snapping!",Timeline Photos,photo,https://www.facebook.com/inception/photos/a.416522083700.189514.91290503700/452422523700/?type=3,2010-10-14 13:17:59,7396,743,217,7396,0,0,0,0,0
91290503700_149381191770093,"Check out all of the fan art for the 2nd Prologue Comic to INCEPTION: THE BIG UNDER! There are a few pages we still need, specifically pages 05, 07, 11, 15, 23, and 27. We will be accepting submissions through October 8th. Send us your illustrations this week for a chance to be included in the fan version of the comic!",THE BIG UNDER on #inception - deviantART,link,http://inception.deviantart.com/gallery/26138794,2010-10-06 14:04:12,3062,263,0,3062,0,0,0,0,0
91290503700_126142384098407,"Submit your fan art to help us illustrate INCEPTION: THE BIG UNDER, the 2nd prologue comic to INCEPTION. Visit http://inception.deviantart.com/",#inception on deviantART,link,http://inception.deviantart.com/,2010-08-11 17:00:19,2688,767,0,2688,0,0,0,0,0
91290503700_143388389017807,"Now that you've seen INCEPTION, what did you think?  Share your thoughts on the film under our Reviews tab!",,status,,2010-08-11 13:35:54,6872,5322,0,6872,0,0,0,0,0
91290503700_146259458733938,Read and illustrate the new Inception Prequel Comic THE BIG UNDER and submit your work to our official @deviantART page! http://inception.deviantart.com,#inception on deviantART,link,http://inception.deviantart.com/,2010-08-06 18:45:07,4231,571,0,4231,0,0,0,0,0
91290503700_115090665210064,Love the Inception soundtrack?  Watch the live performance with Hans Zimmer and Johnny Marr at the Inception premiere on 7/13/10.  (Note: skip 8 minutes in to watch from the beginning of the performance),"Inception Premiere & Live Performance with Hans Zimmer & Johnny Marr,  WBPictures on USTREAM. Other",link,http://www.ustream.tv/recorded/8272851,2010-08-01 17:35:47,7259,932,3,7259,0,0,0,0,0
91290503700_127329893978220,Here is a video of some amazing cities created in Inception: Mind Crime.  Play the game at http://apps.facebook.com/mindcrime/,Inception: Building the Dream,link,https://www.youtube.com/watch?v=KGfR44GxlCY,2010-07-31 16:19:00,2735,325,7,2735,0,0,0,0,0
91290503700_147177815295537,Tom Hardy is inspired by INCEPTION director Christopher Nolan.,Tom Hardy Interview,link,http://www.aceshowbiz.com/news/view/w0004401.html,2010-07-30 13:43:28,1110,224,2,1110,0,0,0,0,0
91290503700_106877199367473,What's your totem?,Inception,link,http://inceptionmovie.warnerbros.com/totem,2010-07-29 20:30:32,3893,3098,0,3893,0,0,0,0,0
91290503700_140395849316386,Oscar-winning composer Hans Zimmer discusses his work on INCEPTION with The Hollywood Reporter.,Q&A: Composer Hans Zimmer,link,http://www.hollywoodreporter.com/hr/content_display/news/e3i2a62321a15dd65d8aa040c50171a5d83,2010-07-29 15:03:30,1382,193,1,1382,0,0,0,0,0
91290503700_101350006588481,Want to know the real science of dream research?,The real science of dream research - Technology & science - Science - msnbc.com,link,http://www.msnbc.msn.com/id/38266663/ns/technology_and_science-science,2010-07-29 10:22:28,2075,222,9,2075,0,0,0,0,0
91290503700_141702262524745,Cinematical offers a spoiler-free digest of the INCEPTION rave reviews!,A Spoiler-Free Digest of the 'Inception' Raves - Cinematical,link,http://www.cinematical.com/2010/07/06/a-spoiler-free-digest-of-the-inception-raves,2010-07-28 15:32:50,1030,190,1,1030,0,0,0,0,0
91290503700_142276649123409,Ken Watanabe steals the show at the Tokyo premiere of INCEPTION:,Tokyo premiere of 'Inception',link,http://www.cnn.com/2010/SHOWBIZ/Movies/07/21/inception.watanabe/index.html,2010-07-28 11:06:55,1006,172,0,1006,0,0,0,0,0
91290503700_138438456188888,"""Am I a man dreaming I'm a butterfly, or a butterfly dreaming I'm a man?"" Chuang Tzu asked 2,3000 years ago.  In Christopher Nolan's stylish sleep thrilled INCEPTION he answers that we're both --butterfly and man.  Learn more about surprising sleep facts from this Huffington Post article:",'Inception': 9 Surprising Sleep Facts From the Movie (PHOTOS),link,http://www.huffingtonpost.com/matthew-edlund-md/dream-sharing-inception_b_652088.html,2010-07-28 10:10:34,221,177,3,221,0,0,0,0,0
91290503700_113835932001624,"Mr. Beaks hangs with Ellen Page, the Architect of INCEPTION!",Ain't It Cool News:  The best in...,link,http://www.aintitcool.com/node/45797,2010-07-27 16:32:11,1167,190,0,1167,0,0,0,0,0
91290503700_142131105814212,The INCEPTION soundtrack couldn't have happened without Johnny Marr!,'Inception' Soundtrack » MTV Newsroom,link,http://newsroom.mtv.com/2010/07/21/inception-johnny-marr,2010-07-27 13:41:01,1489,205,1,1489,0,0,0,0,0
91290503700_127524193959638,"Leonardo DiCaprio ""faces his demons"" in the newest issue of Rolling Stone Magazine.  Read an excerpt of the interview here, and pick up a copy of the magazine on newsstands now.",Leonardo DiCaprio Faces His Demons - New Issue of Rolling Stone | Rolling Stone Movies,link,http://www.rollingstone.com/movies/news/17387/183536,2010-07-27 10:56:46,1819,213,0,1819,0,0,0,0,0
91290503700_134957709876476,Nicole Kidman interviews INCEPTION star Marion Cotillard for Interview Magazine.,Marion Cotillard  - Interview Magazine,link,http://www.interviewmagazine.com/film/marion-cotillard,2010-07-26 16:09:27,959,155,0,959,0,0,0,0,0
91290503700_138163876215395,INCEPTION is #1 at the box office for the second week in a row!  Did you see the movie this weekend?,,status,,2010-07-26 12:33:50,7090,1666,0,7090,0,0,0,0,0
91290503700_113097902075412,INCEPTION stars Joseph Gordon-Levitt and Ellen Page dream big!,Joseph Gordon-Levitt and Ellen Page,link,http://latimesblogs.latimes.com/herocomplex/2010/07/inception-joseph-gordon-levitt-ellen-page-christopher-nolan.html,2010-07-26 09:53:00,1612,195,1,1612,0,0,0,0,0
91290503700_131871643521302,Christopher Nolan talks about INCEPTION with Film.com.,Interview: Christopher Nolan - Film.com,link,http://www.film.com/features/story/interview-christopher-nolan-talks-inception/39220341,2010-07-25 09:58:52,2229,462,2,2229,0,0,0,0,0
91290503700_141306769220676,"Learn about the ""Secrets of INCEPTION"" from Entertainment Weekly.  This week's magazine is available now!",This week's cover: Leonardo Di Caprio and the secrets of 'Inception' | EW.com,link,http://popwatch.ew.com/2010/07/22/this-weeks-cover-inception-di-caprio/,2010-07-24 10:53:08,1571,240,0,1571,0,0,0,0,0
91290503700_140544779306713,MTV has tracked every hidden layer of INCEPTION and created a Cheat Sheet for you:,'Inception' Cheat Sheet: Everything You Need To Know - Movie News Story | MTV Movie News,link,http://www.mtv.com/news/articles/1643785/20100715/story.jhtml,2010-07-23 17:00:25,1209,237,3,1209,0,0,0,0,0
91290503700_121562231222761,Will you be seeing INCEPTION this weekend? For the first time or a repeat viewing?,,status,,2010-07-23 11:04:54,3245,2455,0,3245,0,0,0,0,0
91290503700_125527907492695,"Learn how filmmakers dreamed up those INCEPTION special effects in this interview with special effects supervisor, Chris Corbould.",'Inception': How They Dreamed Up Those Special Effects - Speakeasy - WSJ,link,http://blogs.wsj.com/speakeasy/2010/07/16/inception-how-special-effects-helped-joseph-gordon-levitt-fly/,2010-07-22 16:24:17,1445,220,0,1445,0,0,0,0,0
91290503700_144224375589894,"Lukas Haas, Tom Hardy amd Ken Watanabe share the highs and lows of making the mind-bending flick INCEPTION.","'Inception' Stars Fondly Recall Slapping Leo, Sipping Tea For Film - Movie News Story | MTV Movie Ne",link,http://www.mtv.com/news/articles/1643669/20100714/story.jhtml,2010-07-22 10:14:31,1054,167,4,1054,0,0,0,0,0
91290503700_145834935430416,"Johnny Marr performs the INCEPTION score live with Hans Zimmer!
http://incontention.com/?p=26383",In case you missed the Zimmer/Marr performance,link,http://incontention.com/?p=26383,2010-07-21 17:12:31,837,151,3,837,0,0,0,0,0
91290503700_136856233011320,"Hans Zimmer and Johnny Marr talk about the sad romance of INCEPTION with the Los Angeles Times. 

http://latimesblogs.latimes.com/herocomplex/2010/07/inception-christopher-nolan-the-smiths-johnny-marr-hans-zimmer-and-johnny-marr-on-the-sound-of-inception-its-about-sadness.html",Hans Zimmer and Johnny Marr talk about the sad romance of 'Inception' | Hero Complex | Los Angeles T,link,http://latimesblogs.latimes.com/herocomplex/2010/07/inception-christopher-nolan-the-smiths-johnny-marr-hans-zimmer-and-johnny-marr-on-the-sound-of-inception-its-about-sadness.html,2010-07-21 13:04:43,824,137,2,824,0,0,0,0,0
91290503700_139303782760910,"What are the ""Five Things You Need to Know About INCEPTION?"" Learn here: 

http://www.eonline.com/uberblog/b190633_five_things_you_need_know_about.html",Five Things You Need to Know About Inception - E! Online,link,http://www.eonline.com/uberblog/b190633_five_things_you_need_know_about.html,2010-07-20 17:05:20,989,227,3,989,0,0,0,0,0
91290503700_133923446647038,"Learn how INCEPTION's astonishing visuals ""came to life"" in this WIRED interview with the film's visual effects supervisor, Paul Franklin.",WIRED - Paul Franklin Interview,link,https://www.wired.com/underwire/2010/07/inception-visual-effects/,2010-07-20 14:05:03,729,121,1,729,0,0,0,0,0
91290503700_124931694218430,"At the request of David Letterman, Joseph Gordon-Levitt goes to GIANT lengths to promote INCEPTION: 
http://www.youtube.com/watch?v=9Ods23wv4hM",David Letterman - Joseph Gordon-Levitt in a Giant Plastic Ball,link,https://www.youtube.com/watch?v=9Ods23wv4hM,2010-07-20 12:05:34,1189,149,0,1189,0,0,0,0,0
91290503700_133832003321436,"SoundWorks Collection's INCEPTION sound for film profile has been released! Creating the sounds of dreams, featuring sound veterans Richard King, Lora Hirschberg, and Gary Rizzo.","SoundWorks Collection | Exclusive Video Profiles of the Sound World  » Blog Archive   » ""Inception""",link,http://soundworkscollection.com/inception,2010-07-20 08:51:32,861,111,0,861,0,0,0,0,0
91290503700_145297318817079,Daily Giveaway:  It's not too late to enter for your chance to win exclusive INCEPTION prizes from Movie City News!,MCN Enter to Win:  Inception,link,http://moviecitynews.com/specials/2010/inception.html,2010-07-19 16:34:57,456,137,0,456,0,0,0,0,0
91290503700_137890646233414,"Leonardo DiCaprio is the ""Hollywood Movie Star of the Week!""","""Hollywood Movie Star of the Week"" | HollywoodNews.com",link,http://www.hollywoodnews.com/2010/07/16/leonardo-dicaprio-is-the-hollywood-celebrity-of-the-week/,2010-07-19 14:20:26,1790,257,3,1790,0,0,0,0,0
91290503700_136400103059855,"Become an architect and an extractor in Mind Crime, the 3D game based on the movie.",INCEPTION: MIND CRIME,link,http://mind-crime.com/stage4/,2010-07-19 12:40:34,654,79,3,654,0,0,0,0,0
91290503700_137957746224359,The #1 Movie in America!,,status,,2010-07-19 11:55:33,6037,755,0,6037,0,0,0,0,0
91290503700_143340129011653,Read the prologue - Inception: The Cobol Job,INCEPTION: THE COBOL JOB,link,http://inceptionmovie.warnerbros.com/thecoboljob/,2010-07-18 00:17:25,1242,342,5,1242,0,0,0,0,0
91290503700_129936080381507,Collider interviews Jospeh Gordon-Levitt.  Watch here:,"Joseph Gordon-Levitt Video Interview INCEPTION; Plus Updates on LOOPER, HESHER, More",link,http://www.collider.com/2010/07/12/joseph-gordon-levitt-interview-inception-looper-hesher/,2010-07-17 21:08:53,584,138,0,584,0,0,0,0,0
91290503700_103486133037879,"Are you an extractor, an architect or a tourist? Create your own Inception poster and become part of the team.",INCEPTION - Enter The Dream,link,http://www.inceptionmovie.warnerbros.com/enterthedream/,2010-07-17 18:33:56,1139,255,2,1139,0,0,0,0,0
91290503700_140617142631769,"If you're not at a late showing of INCEPTION tonight, catch Ellen Page on The Late Late Show with Craig Ferguson and Joseph Gordon-Levitt on Late Night with Jimmy Fallon!",,status,,2010-07-16 20:25:36,705,352,0,705,0,0,0,0,0
91290503700_133453820028777,"ScreenCrave explores Christopher Nolan's ""Obsession with Obsession""",Christopher Nolan's Obsession With Obsession,link,http://screencrave.com/2010-07-13/christopher-nolans-obsession-with-obsession/,2010-07-16 15:20:32,244,90,0,244,0,0,0,0,0
91290503700_138488049514241,The New York Times Anatomy of a Scene takes a closer look at INCEPTION.,Anatomy of a Scene: 'Inception' - Interactive Feature - NYTimes.com,link,http://www.nytimes.com/interactive/2010/07/16/movies/20100716-inception-aoas-feature.html?ref=movies,2010-07-16 13:08:06,577,130,0,577,0,0,0,0,0
91290503700_132691210101770,"This weekend, create the world of the dream.  INCEPTION opens in theaters and IMAX today!",,status,,2010-07-16 10:56:16,897,280,0,897,0,0,0,0,0
91290503700_139201579432577,"Buy INCEPTION tickets 
at Fandango.com to earn 75 WB Insider Rewards 
Points for up to 4 tickets!  Buy Tickets today and redeem at WBInsiderRewards.com.",Inception,link,http://www.fandango.com/inception_126406/movieoverview,2010-07-15 20:07:16,257,142,0,257,0,0,0,0,0
91290503700_102966199757587,The house are counting down...have you purchased your tickets to INCEPTION yet?,Inception,link,http://inceptionmovie.warnerbros.com/,2010-07-15 17:10:04,333,166,0,333,0,0,0,0,0
91290503700_137170882971923,Joseph Gordon-Levitt questions reality with BBC News.,BBC News & Joseph Gordon-Levitt,link,http://news.bbc.co.uk/2/hi/programmes/breakfast/8800927.stm,2010-07-15 16:05:19,283,58,0,283,0,0,0,0,0
91290503700_132429533460275,"Leonardo DiCaprio discusses the ""Fireworks"" of his dreams with MTV.",'Inception' Star Leonardo DiCaprio On The 'Fireworks' Of His Dreams - Movie News Story | MTV Movie N,link,http://www.mtv.com/news/articles/1643364/20100709/story.jhtml,2010-07-15 13:49:54,290,62,0,290,0,0,0,0,0
91290503700_137561096273006,The stylish Marion Cotillard and Ellen Page inspire the crowds at the Parisian premiere of INCEPTION.,Inception Premiere Paris - Marion Cotillard And Ellen Page | Styleite,link,http://www.styleite.com/stylegasm/inception-premiere-paris/,2010-07-15 10:54:48,175,39,0,175,0,0,0,0,0
91290503700_142579745757922,Christopher Nolan speaks to HitFix and reveals two new INCEPTION video clips!,Christopher Nolan speaks to HitFix.com,link,http://www.hitfix.com/articles/2010-6-30-watch-christopher-nolan-speaks-new-scenes-revealed-in-two-inception-clips?m=k,2010-07-15 08:46:57,219,69,0,219,0,0,0,0,0
91290503700_137705029591525,Missed the INCEPTION premiere red carpet and the amazing live performance by Hans Zimmer and Johnny Marr last night?  You can catch a replay now at http://www.ustream.tv/inceptionpremiere or http://www.facebook.com/inception?v=app_133803759983805&ref=ts,"Inception Premiere, Ustream.TV: Watch the INCEPTION premiere red carpet and a live performance by Ha",link,http://www.ustream.tv/inceptionpremiere,2010-07-14 17:10:28,194,51,0,194,0,0,0,0,0
91290503700_143633302319138,"Daily Giveaway: Enter at BATMAN-ON-FILM for your chance to win exclusive INCEPITON prizes! 
http://www.batman-on-film.com/contests_INCEPTION_July-2010.html","A BATMAN-ON-FILM.COM Sweepstakes - ""INCEPTION"" - In Theaters JULY 16, 2010!",link,http://www.batman-on-film.com/contests_INCEPTION_July-2010.html,2010-07-14 16:56:18,82,17,0,82,0,0,0,0,0
91290503700_102594209795696,What is Ellen Page's dream job?  Working on INCEPTION!,Ellen Page's Dream Job,link,http://thechronicleherald.ca/ArtsLife/1190130.html,2010-07-14 15:03:51,181,47,0,181,0,0,0,0,0
91290503700_138301436193465,INCEPTION stars Leonardo DiCaprio and Ellen Page interview each other on Moviefone's newest Unscripted,'Inception' Stars Leonardo DiCaprio & Ellen Page on Crazy Dreams and Feeling Like a Boy Band | Unscr,link,http://insidemovies.moviefone.com/2010/07/09/inception-stars-leonardo-dicaprio-on-crazy-dreams-and-feeling/,2010-07-14 11:03:14,218,40,0,218,0,0,0,0,0
91290503700_138836189467436,We hope you enjoyed Hans Zimmer's amazing live performance at tonight's premiere - thanks for watching! INCEPTION opens nationwide on Friday.,,status,,2010-07-14 01:48:36,264,62,0,264,0,0,0,0,0
91290503700_132340750138006,We're less than an hour away from the INCEPTION premiere red carpet and a live performance by Hans Zimmer and Johnny Marr!  You won't want to miss this incredible event - watch it on Ustream http://www.ustream.tv/inceptionpremiere or here on Facebook http://www.facebook.com/inception?v=app_133803759983805&ref=ts,"Inception Premiere, Ustream.TV: Watch the INCEPTION premiere red carpet and a live performance by Ha",link,http://www.ustream.tv/inceptionpremiere,2010-07-14 00:16:21,168,29,0,168,0,0,0,0,0
91290503700_112629248786076,"Watch the INCEPTION premiere red carpet and a live performance by Hans Zimmer and Johnny Marr tonight, at 11pm pst on U-Stream http://www.ustream.tv/inceptionpremiere and here on Facebook http://www.facebook.com/inception?v=app_133803759983805&ref=ts","Inception Premiere, Ustream.TV: Watch the INCEPTION premiere red carpet and a live performance by Ha",link,http://www.ustream.tv/inceptionpremiere,2010-07-13 17:14:32,120,29,0,120,0,0,0,0,0
91290503700_136815826340397,Daily Giveaway: Enter at NolansFans.com for your chance to win exclusive INCEPTION prizes!,Nolan Fans | Sweepstakes,link,http://www.nolanfans.com/sweepstakes,2010-07-13 17:06:17,75,8,0,75,0,0,0,0,0
91290503700_132600946779631,http://movies.yahoo.com/feature/inception-comic.html,INCEPTION: THE COBOL JOB,link,http://movies.yahoo.com/feature/inception-comic.html,2010-07-13 15:52:02,144,25,0,144,0,0,0,0,0
91290503700_134575209909693,"Read the DETAILS interview, ""Joseph Gordon-Levitt Comes of Age,"" here:

http://www.details.com/celebrities-entertainment/cover-stars/201008/inception-actor-joseph-gordon-levitt#ixzz0susP6NYF",Joseph Gordon-Levitt Comes of Age: Details,link,http://www.details.com/celebrities-entertainment/cover-stars/201008/inception-actor-joseph-gordon-levitt,2010-07-13 14:41:26,157,31,0,157,0,0,0,0,0
91290503700_136997942996781,INCEPTION is almost here and this is your lesson from MTV in shared dreaming.,MTV Movies Blog: Shared Dreaming!,link,http://moviesblog.mtv.com/2010/07/08/inception-is-almost-here-and-this-is-your-first-lesson-in-shared-dreaming/?utm_source=feedburner&utm_medium=feed&utm_campaign=Feed%3A+mtvmoviesblog+%28MTV+Movies+Blog%29,2010-07-13 10:42:21,159,41,0,159,0,0,0,0,0
91290503700_119115758135096,Have you played Mind Crime (http://www.mind-crime.com) yet? IGN takes us into Stage Four of INCEPTION's online 3D tie-in game:,Inception: Get in the Game,link,http://movies.ign.com/articles/110/1105351p1.html,2010-07-12 19:36:01,93,23,0,93,0,0,0,0,0
91290503700_136144869742293,"Preview the new INCEPTION prologue comic, The Cobol Job, exclusively on LeonardoDiCaprio.com!",Exclusive content,link,http://leonardodicaprio.com/,2010-07-12 17:12:15,137,29,0,137,0,0,0,0,0
91290503700_143641492313381,"Daily Giveaway: Enter at CinemaBlend for your chance to win exclusive INCEPTION prizes: 
http://cinemablend.com/new/Giveaway-Make-Your-Mind-The-Scene-Of-The-Crime-With-Our-Inception-Prize-Pack-19349.html",Giveaway: Make Your Mind The Scene Of The Crime With Our Inception Prize Pack,link,http://cinemablend.com/new/Giveaway-Make-Your-Mind-The-Scene-Of-The-Crime-With-Our-Inception-Prize-Pack-19349.html,2010-07-12 16:17:16,71,20,0,71,0,0,0,0,0
91290503700_143005859046108,"Here is your first listen of clips from the INCEPTION soundtrack: 
http://theplaylist.blogspot.com/2010/07/first-listen-clips-of-inception.html","The Playlist: First Listen: Clips Of The 'Inception Soundtrack, Plus The Final Artwork",link,https://theplaylist.blogspot.com/2010/07/first-listen-clips-of-inception.html,2010-07-12 14:34:10,171,32,0,171,0,0,0,0,0
91290503700_128534140522398,Entire buildings in New York City are turned into mind-bending billboards for INCEPTION.  See some here:,"Mind-Bending, Building-Sized Brilliant Inception Ads in NYC « FirstShowing.net",link,http://www.firstshowing.net/2010/07/01/mind-bending-building-sized-brilliant-inception-ads-in-nyc/,2010-07-12 09:55:35,343,55,0,343,0,0,0,0,0
91290503700_143440892336141,Influences of INCEPTION: Explore the filmmakers who have inspired director Christopher Nolan.,The Influences of 'Inception' - Video Feature - NYTimes.com,link,http://www.nytimes.com/interactive/2010/07/04/movies/20100704-inceptioninfluences-feature.html,2010-07-11 12:19:58,229,49,0,229,0,0,0,0,0
91290503700_134224953275279,Build your own INCEPTION poster here http://inceptionmovie.warnerbros.com/enterthedream and then see the film in theaters and IMAX on Friday!,INCEPTION - Enter The Dream,link,http://www.inceptionmovie.warnerbros.com/enterthedream/,2010-07-11 08:40:42,246,41,0,246,0,0,0,0,0
91290503700_137984566219941,Cinematical interviews INCEPTION cinematographer Wally Pfister.,Interview: 'Inception' Cinematographer Wally Pfister - Cinematical,link,http://www.cinematical.com/2010/06/24/interview-inception-cinematographer-wally-pfister,2010-07-10 09:33:55,161,39,0,161,0,0,0,0,0
91290503700_416522098700,"Los Angeles fans, attend a special soundtrack signing with Academy Award-winning composer Hans Zimmer at Amoeba Music, followed by an exclusive midnight screening of INCEPTION at the Arclight Hollywood on July 15th at 8pm.  Details below:",Timeline Photos,photo,https://www.facebook.com/inception/photos/a.416522083700.189514.91290503700/416522088700/?type=3,2010-07-09 19:46:05,354,89,2,354,0,0,0,0,0
91290503700_137482972938019,"ET has a sneak peek at the new movie INCEPTION with Leonardo DiCaprio! 
Watch here: http://www.etonline.com/news/2010/06/88553/",WATCH: Leonardo DiCaprio's Mind Blowing 'Inception',link,http://www.etonline.com/news/2010/06/88553/,2010-07-09 15:28:36,115,27,0,115,0,0,0,0,0
91290503700_137408316287798,"Watch the INCEPTION IMAX Experience TV spot!  

http://www.nolanfans.com/2010/06/24/inception-the-imax-experience-tv-spot/",Inception: The IMAX Experience TV Spot « Nolan Fans,link,http://www.nolanfans.com/2010/06/24/inception-the-imax-experience-tv-spot/,2010-07-09 10:12:02,145,27,0,145,0,0,0,0,0
91290503700_136038916425984,"Want to see INCEPTION for free? Christopher Nolan's jolting psychological thriller, INSOMNIA, is available for the first time on Blu-ray and comes complete with movie money to see his new film, INCEPTION, when it hits theaters on 7/16/10!",Insomnia (BD) Blu-ray - Warner Bros. Blu-ray: WBshop.com - The Official Online Store of Warner Bros.,link,"http://www.wbshop.com/Insomnia-BD/1000120647,default,pd.html?cgid&adid-InsomniaInceptionFB",2010-07-08 20:30:06,119,29,0,119,0,0,0,0,0
91290503700_131164263589265,"Daily Giveaway: Enter at CountingDown for your chance to win exclusive INCEPTION prizes: 

http://www.countingdown.com/features?feature_id=4108939",CD CONTEST: Inception Sweepstakes!,link,http://www.countingdown.com/features?feature_id=4108939,2010-07-08 16:49:07,57,17,0,57,0,0,0,0,0
91290503700_142217099121652,"Themes and gamer pics for INCEPTION are now available on Xbox Live.

http://www.platformnation.com/2010/06/28/inception-freebies-hit-xbox-live/",Inception Freebies Hit Xbox Live | Platform Nation,link,http://www.platformnation.com/2010/06/28/inception-freebies-hit-xbox-live/,2010-07-08 15:20:58,102,12,1,102,0,0,0,0,0
91290503700_130698716966483,INCEPTION actress Ellen Page reveals her favorite music to Spin Magazine.,Ellen Page's Favorite Music,link,http://www.spin.com/articles/ellen-page-reveals-her-favorite-music,2010-07-08 10:14:35,99,27,0,99,0,0,0,0,0
91290503700_137547169598433,"Daily Giveaway: Enter at MovieWeb for your chance to win exclusive INCEPTION prizes: 
http://www.movieweb.com/news/NE0hc637BsJy27",CONTEST: Win Big in Our Inception Giveaway!,link,http://www.movieweb.com/news/NE0hc637BsJy27,2010-07-07 15:45:29,120,30,0,120,0,0,0,0,0
91290503700_108455325872223,INCEPTION actors Tom Hardy and Cillian Murphy discuss their new film with Access Hollywood.  Watch here:,"Tom Hardy & Cillian Murphy Talk 'Inception' | Access Hollywood - Celebrity News, Photos & Videos",link,http://www.accesshollywood.com/video_1236272&dst=ahwidgetAccess%20Hollywood%20Video&__source=ahwidgetAccess%20Hollywood%20Video,2010-07-07 10:37:49,141,36,0,141,0,0,0,0,0
91290503700_127369997304955,"Daily Giveaway: Enter at Starpulse for your chance to win exclusive INCEPTION prizes: 
http://www.starpulse.com/Contests/Inception_Prize_Pack/4636/","""Inception"" Prize Pack - Starpulse.com",link,http://www.starpulse.com/Contests/Inception_Prize_Pack/4636/,2010-07-06 16:09:13,101,30,0,101,0,0,0,0,0
91290503700_100310753356694,"Listen to Christopher Nolan and the cast of INCEPTION at the film's press conference, courtesy of ComingSoon.
http://www.comingsoon.net/news/movienews.php?id=67414",The Inception Press Conference - ComingSoon.net,link,http://www.comingsoon.net/news/movienews.php?id=67414,2010-07-06 10:50:35,164,31,1,164,0,0,0,0,0
91290503700_134583403231803,"Daily Giveaway: Enter at Hollyscoop for your chance to win exclusive INCEPTION prizes: 
http://www.hollyscoop.com/create-account-full.aspx",WIN!!,link,http://www.hollyscoop.com/create-account-full.aspx,2010-07-05 16:40:52,102,29,0,102,0,0,0,0,0
91290503700_130674216972872,"Entertainment Tonight sits down with Leonardo DiCaprio to discuss INCEPTION and how he is ""Living the Dream.""
http://www.etonline.com/news/2010/06/88634/",Living the Dream,link,http://www.etonline.com/news/2010/06/88634/%20,2010-07-05 09:25:39,165,31,0,165,0,0,0,0,0
91290503700_136167289735310,"The New York Times explores Christopher Nolan, ""The Man Behind the Dreamscape.""",The Man Behind the Dreamscape,link,http://www.nytimes.com/2010/07/04/movies/04inception.html?_r=1,2010-07-02 11:20:21,195,48,0,195,0,0,0,0,0
91290503700_131466646888246,,Inception TV Spot #9,video,https://www.youtube.com/watch?v=HO5v3RhO8ek,2010-07-01 16:46:57,314,55,0,314,0,0,0,0,0
91290503700_413669883700,,Photos,photo,https://www.facebook.com/inception/photos/a.395597653700.172668.91290503700/395597663700/?type=3,2010-07-01 12:34:24,2321,417,48,2321,0,0,0,0,0
91290503700_135346239816605,,Inception TV Spot #8,video,https://www.youtube.com/watch?v=CJXn7hNtblE,2010-06-30 14:05:13,293,39,1,293,0,0,0,0,0
91290503700_139665199382191,"From the director of Batman: The Dark Knight comes INCEPTION, in theaters and IMAX July 16.  Have you visited the official website yet?",Inception,link,http://inceptionmovie.warnerbros.com/,2010-06-30 11:04:28,203,39,0,203,0,0,0,0,0
91290503700_134207343273505,,Inception TV Spot # 7,video,https://www.youtube.com/watch?v=niw40pVKctc,2010-06-29 18:25:05,343,43,0,343,0,0,0,0,0
91290503700_131035046931368,INCEPTION tickets are now on sale.  Have you purchased yours yet?,Inception,link,http://inceptionmovie.warnerbros.com/,2010-06-29 10:34:34,172,50,0,172,0,0,0,0,0
91290503700_139154426097345,Leonardo DiCaprio was a lucid dreamer even before working on INCEPTION.  How often do you steer the path of your own dreams?,,status,,2010-06-28 10:34:22,221,85,2,221,0,0,0,0,0
91290503700_122013971175646,"Oscar-winning sound designer, Richard King, works his magic on INCEPTION's ""ultimate symphony of havoc.""  Learn more from Wired:
http://www.wired.com/magazine/2010/06/pl_screen_crashsounds",Screen: How Inception's Sound Designer Engineers Cacophony,link,https://www.wired.com/magazine/2010/06/pl_screen_crashsounds/,2010-06-26 11:59:33,114,26,0,114,0,0,0,0,0
91290503700_139523872724911,,Inception TV Spot #5,video,https://www.youtube.com/watch?v=8jRd8qRcaLI,2010-06-25 19:35:12,276,34,3,276,0,0,0,0,0
91290503700_138333932845042,"The INCEPTION soundtrack, composed by Hans Zimmer, will release on July 13, 2010.  Pre-order your copy today!","Amazon.com: Inception: Hans Zimmer, Lorne Balfe: Music",link,https://www.amazon.com/dp/B003ODL004/ref=tsm_1_fb_lk,2010-06-25 10:46:57,218,49,0,218,0,0,0,0,0
91290503700_130340326998077,Inception TV Spot #4,Inception TV #4,link,https://www.youtube.com/watch?v=sn8JQgjSr7k,2010-06-24 20:46:33,258,52,1,258,0,0,0,0,0
91290503700_104606736258162,"If you missed the Hero Complex Film Festival, catch up with Christopher Nolan's revealing interview at Crave Online.",Christopher Nolan Hero Complex Q&A - CraveOnline.com,link,http://www.craveonline.com/entertainment/film/article/christopher-nolan-hero-c%20omplex-qa-104703,2010-06-24 15:58:52,90,8,0,90,0,0,0,0,0
91290503700_131455156877699,"With INCEPTION out this month, Oscar winner Marion Cotillard reveals to Vogue her passions and her true bohemian spirit.  Read the Portrait of the Artist interview here:  
http://www.vogue.com/feature/2010_July_Marion_Cotillard","Marion Cotillard Discusses Guillaume Canet, Yodelice, and Inception With Vogue's Joan Juliet Buck",link,http://www.vogue.com/feature/2010_July_Marion_Cotillard,2010-06-24 10:25:16,73,11,0,73,0,0,0,0,0
91290503700_127160787319288,"""Dreams feel real when we're in them.""  What is the most realistic dream you've ever experienced?",,status,,2010-06-23 16:57:02,214,99,3,214,0,0,0,0,0
91290503700_137951186222373,"Two new INCEPTION International posters for Korea have just been released.  For everyone in the US, experience the film in theaters and IMAX on July 16!",The Koreans release two more awesome Inception posters - JoBlo.com,link,http://www.joblo.com/the-koreans-release-two-more-awesome-inception-posters,2010-06-23 10:34:28,120,11,0,120,0,0,0,0,0
91290503700_110602198987207,,Ask 'Inception' Stars Leonardo DiCaprio and Ellen Page a Question | Unscripted,link,http://insidemovies.moviefone.com/2010/06/21/ask-inception-stars-leonardo-dicaprio-and-ellen-page-a-question/,2010-06-22 16:06:15,109,18,0,109,0,0,0,0,0
91290503700_137447086269205,Get an exclusive first look at the characters from INCEPTION at MSN Movies:,'Inception' Exclusive First Look: The Characters,link,http://movies.msn.com/movies/movie-trailers/?g=4fdddfd4-d166-4546-9675-d66bbf7650af&icid=MOVIES1&GT1=MOVIES1,2010-06-22 13:22:53,145,27,0,145,0,0,0,0,0
91290503700_110726945641844,Christopher Nolan's interview at the Hero Complex Film Festival in Los Angeles provides an in-depth look at everything from the BATMAN franchise and INCEPTION to the future of 3D.,Chris Nolan Speaks at the Hero Complex Film Festival - Screen Rant,link,http://screenrant.com/christopher-nolan-interview-hero-complex-film-festival-mikee-64419/,2010-06-22 10:40:27,134,21,0,134,0,0,0,0,0
91290503700_1424114195874,Inception TV Spot #1,Inception,video,https://www.facebook.com/inception/videos/1424114195874/,2010-06-17 18:01:17,6401,539,732,6401,0,0,0,0,0
91290503700_130408830321813,We'd like to cut open Nolan's brilliant brain and see what's inside too.,Cillian Murphy & Ken Watanabe Do Their Best to Keep 'Inception' a Secret - BlackBook,link,http://www.blackbookmag.com/article/cillian-murphy-ken-watanabe-do-their-best-to-keep-inception-a-secret/19615/P2,2010-06-16 13:34:47,144,27,0,144,0,0,0,0,0
91290503700_135512736461661,Visit JoBlo to check out the new INCEPTION banners and tell us which look is your favorite.,Inception banners are the stuff that dreams are made of - JoBlo.com,link,http://www.joblo.com/index.php?id=32488,2010-06-16 13:29:15,104,10,0,104,0,0,0,0,0
91290503700_125314700838236,"Play the INCEPTION Mind Crime game to create the world of the dream, target your friends, and steal their secret asset.  Your mind is the scene of the crime. 
http://www.mind-crime.com/",INCEPTION: MIND CRIME,link,http://www.mind-crime.com/,2010-06-15 11:38:20,113,16,0,113,0,0,0,0,0
91290503700_127434923954463,"Visit the INCEPTION website to download posters, wallpapers, buddy icons, and a mind-bending screensaver!
http://inceptionmovie.warnerbros.com/",Inception,link,http://inceptionmovie.warnerbros.com/,2010-06-14 13:23:58,163,30,0,163,0,0,0,0,0
91290503700_133320956679360,The dream is real.  Check out four amazing new outdoor banners for INCEPTION exclusively on IGN:,New Inception Banners,link,http://movies.ign.com/articles/109/1095408p1.html,2010-06-08 13:19:27,222,50,0,222,0,0,0,0,0
91290503700_127236663965470,Director Christopher Nolan and Leonardo DiCaprio take us behind the scenes of INCEPTION in this Yahoo! Movies exclusive:,Yahoo! Movies: Inception (2010),link,http://movies.yahoo.com/feature/inception.html?showVideo=1,2010-06-07 13:45:45,349,55,0,349,0,0,0,0,0
91290503700_126673817353580,,"'Inception' actor Ken Watanabe wins over Christopher Nolan: 'He's such a huge movie star, it's amazi",link,http://latimesblogs.latimes.com/herocomplex/2010/06/inception-christopher-nolan-inception-ken-watanabe.html,2010-06-03 14:21:13,165,30,0,165,0,0,0,0,0
91290503700_129220973756710,,Exclusive 'Inception' Posters: 8 Character Banners from Christopher Nolan's New Thriller,link,http://insidemovies.moviefone.com/2010/05/24/exclusive-inception-posters/,2010-05-24 14:04:05,261,55,1,261,0,0,0,0,0
91290503700_120179078011249,What secrets do your dreams hold? Check out the new trailer for INCEPTION on Yahoo! Movies:,Inception on Yahoo! Summer Movie Guide,link,http://movies.yahoo.com/summer-movies/inception/1810099246,2010-05-10 13:31:04,207,86,0,207,0,0,0,0,0
91290503700_124558687556198,Check out new photos from INCEPTION in theaters July 16th.,Inception,photo,https://www.facebook.com/inception/photos/a.395597653700.172668.91290503700/395597663700/?type=3,2010-05-07 19:50:11,142,46,1,142,0,0,0,0,0
91290503700_226648523853,Be sure to visit the Inception website.,INCEPTION,link,http://inceptionmovie.warnerbros.com/,2009-12-16 14:02:07,66,32,1,66,0,0,0,0,0
